{
    "final_training_loss": 0.17723700329661368,
    "validation_mse": 0.3991876244544983,
    "validation_rmse": 0.6318129663551535
}